Datetime,Water Level (m)
2026-01-28 00:00:00,-0.15380703
2026-01-28 01:00:00,-0.17606294
2026-01-28 02:00:00,-0.18569748
2026-01-28 03:00:00,-0.19668433
2026-01-28 04:00:00,-0.19571945
2026-01-28 05:00:00,-0.1587731
2026-01-28 06:00:00,-0.074672125
2026-01-28 07:00:00,0.04185283
2026-01-28 08:00:00,0.10739437
2026-01-28 09:00:00,0.08310285
2026-01-28 10:00:00,-0.029331228
2026-01-28 11:00:00,-0.11972576
2026-01-28 12:00:00,-0.17956975
2026-01-28 13:00:00,-0.21400069
2026-01-28 14:00:00,-0.23476367
2026-01-28 15:00:00,-0.25055426
2026-01-28 16:00:00,-0.25674042
2026-01-28 17:00:00,-0.18415461
2026-01-28 18:00:00,-0.010088312
2026-01-28 19:00:00,0.13180621
2026-01-28 20:00:00,0.22198299
2026-01-28 21:00:00,0.2511015
2026-01-28 22:00:00,0.24413672
2026-01-28 23:00:00,0.1669431
2026-01-29 00:00:00,0.024916219
2026-01-29 01:00:00,-0.070272565
2026-01-29 02:00:00,-0.10580436
2026-01-29 03:00:00,-0.12555544
2026-01-29 04:00:00,-0.14956617
2026-01-29 05:00:00,-0.17149313
2026-01-29 06:00:00,-0.17449965
2026-01-29 07:00:00,-0.094105564
2026-01-29 08:00:00,0.049991593
2026-01-29 09:00:00,0.15567392
2026-01-29 10:00:00,0.17207438
2026-01-29 11:00:00,0.08230362
2026-01-29 12:00:00,-0.040757675
2026-01-29 13:00:00,-0.11734107
2026-01-29 14:00:00,-0.16844794
2026-01-29 15:00:00,-0.19634047
2026-01-29 16:00:00,-0.21631548
2026-01-29 17:00:00,-0.23382084
2026-01-29 18:00:00,-0.21038763
2026-01-29 19:00:00,-0.04493507
2026-01-29 20:00:00,0.12958843
2026-01-29 21:00:00,0.24468449
2026-01-29 22:00:00,0.29133487
2026-01-29 23:00:00,0.29146883
2026-01-30 00:00:00,0.22731909
2026-01-30 01:00:00,0.08262759
2026-01-30 02:00:00,-0.03514056
2026-01-30 03:00:00,-0.0830274
2026-01-30 04:00:00,-0.10577999
2026-01-30 05:00:00,-0.13191874
2026-01-30 06:00:00,-0.15816802
2026-01-30 07:00:00,-0.17598255
2026-01-30 08:00:00,-0.11723656
2026-01-30 09:00:00,0.050443325
2026-01-30 10:00:00,0.1760144
2026-01-30 11:00:00,0.21927005
2026-01-30 12:00:00,0.1428677
2026-01-30 13:00:00,-0.003389187
2026-01-30 14:00:00,-0.09518942
2026-01-30 15:00:00,-0.15474762
2026-01-30 16:00:00,-0.1842667
2026-01-30 17:00:00,-0.20596822
2026-01-30 18:00:00,-0.22478022
2026-01-30 19:00:00,-0.21281089
2026-01-30 20:00:00,-0.053455845
2026-01-30 21:00:00,0.14052443
2026-01-30 22:00:00,0.2659451
2026-01-30 23:00:00,0.32297304
2026-01-31 00:00:00,0.32219547
2026-01-31 01:00:00,0.2530043
2026-01-31 02:00:00,0.098515585
2026-01-31 03:00:00,-0.02622213
2026-01-31 04:00:00,-0.07763742
2026-01-31 05:00:00,-0.100613
2026-01-31 06:00:00,-0.1271581
2026-01-31 07:00:00,-0.15518764
2026-01-31 08:00:00,-0.17465912
2026-01-31 09:00:00,-0.10291502
2026-01-31 10:00:00,0.09031233
2026-01-31 11:00:00,0.21841738
2026-01-31 12:00:00,0.2597537
2026-01-31 13:00:00,0.1796334
2026-01-31 14:00:00,0.023821216
2026-01-31 15:00:00,-0.07660775
2026-01-31 16:00:00,-0.13849263
2026-01-31 17:00:00,-0.16708593
2026-01-31 18:00:00,-0.18946199
2026-01-31 19:00:00,-0.21038063
2026-01-31 20:00:00,-0.19916967
2026-01-31 21:00:00,-0.014712158
2026-01-31 22:00:00,0.18222417
2026-01-31 23:00:00,0.307334
2026-02-01 00:00:00,0.35670465
2026-02-01 01:00:00,0.34671348
2026-02-01 02:00:00,0.2575905
2026-02-01 03:00:00,0.095212236
2026-02-01 04:00:00,-0.019524815
2026-02-01 05:00:00,-0.0650681
2026-02-01 06:00:00,-0.088311896
2026-02-01 07:00:00,-0.116516806
2026-02-01 08:00:00,-0.14577362
2026-02-01 09:00:00,-0.15393437
2026-02-01 10:00:00,-0.0024500838
2026-02-01 11:00:00,0.19520022
2026-02-01 12:00:00,0.29738835
2026-02-01 13:00:00,0.30556875
2026-02-01 14:00:00,0.20171583
2026-02-01 15:00:00,0.04246264
2026-02-01 16:00:00,-0.05973644
2026-02-01 17:00:00,-0.11457189
2026-02-01 18:00:00,-0.13909431
2026-02-01 19:00:00,-0.16232179
2026-02-01 20:00:00,-0.18575911
2026-02-01 21:00:00,-0.15421148
2026-02-01 22:00:00,0.086476944
2026-02-01 23:00:00,0.25807256
2026-02-02 00:00:00,0.37188834
2026-02-02 01:00:00,0.398925
2026-02-02 02:00:00,0.36548424
2026-02-02 03:00:00,0.24409357
2026-02-02 04:00:00,0.079201214
2026-02-02 05:00:00,-0.011916423
2026-02-02 06:00:00,-0.04738982
2026-02-02 07:00:00,-0.07387693
2026-02-02 08:00:00,-0.10405519
2026-02-02 09:00:00,-0.13305601
2026-02-02 10:00:00,-0.09471939
2026-02-02 11:00:00,0.14297181
2026-02-02 12:00:00,0.2872498
2026-02-02 13:00:00,0.3630799
2026-02-02 14:00:00,0.33144525
2026-02-02 15:00:00,0.21071674
2026-02-02 16:00:00,0.05498095
2026-02-02 17:00:00,-0.042167515
2026-02-02 18:00:00,-0.085961305
2026-02-02 19:00:00,-0.11035936
2026-02-02 20:00:00,-0.13750741
2026-02-02 21:00:00,-0.16042893
2026-02-02 22:00:00,-0.07018756
2026-02-02 23:00:00,0.1970398
2026-02-03 00:00:00,0.33851787
